"DESCRIPTION","DURATION IN MS","NAME","PARENT SUITE","START TIME","STATUS","STOP TIME","SUB SUITE","SUITE","TEST CLASS","TEST METHOD"
"","113","Policy is accepted ""MembershipCredential""","","2026-08-25","passed","2026-08-25","","org.eclipse.tractusx.edc.tests.policy.PolicyDefinitionEndToEndTest","org.eclipse.tractusx.edc.tests.policy.PolicyDefinitionEndToEndTest","shouldAcceptValidPolicyDefinitions"
"","15588","discoveryShouldReturn502_whenProviderEndpointNotReachable()","","2026-08-25","passed","2026-08-25","","org.eclipse.tractusx.edc.discovery.e2e.ConnectorParameterDiscoveryTest","org.eclipse.tractusx.edc.discovery.e2e.ConnectorParameterDiscoveryTest","discoveryShouldReturn502_whenProviderEndpointNotReachable"
"","114","discoveryShouldReturn400_whenNoProtocolsAvailable()","","2026-08-25","passed","2026-08-25","","org.eclipse.tractusx.edc.discovery.e2e.ConnectorParameterDiscoveryTest","org.eclipse.tractusx.edc.discovery.e2e.ConnectorParameterDiscoveryTest","discoveryShouldReturn400_whenNoProtocolsAvailable"
"","106","5.4.3.6 Verifier should reject Presentations where at least 1 credential is revoked/suspended","","2026-08-25","passed","2026-08-25","","org.eclipse.dataspacetck.dcp.verification.presentation.verifier.PresentationFlowSection5Test","org.eclipse.dataspacetck.dcp.verification.presentation.verifier.PresentationFlowSection5Test","verifier_05_04_03_06_presentationResponse_credentialRevoked"
"","59","refreshEdr_whenNotAuthorized()","","2026-08-25","passed","2026-08-25","","org.eclipse.tractusx.edc.tests.edrv2.EdrCacheApiEndToEndTest","org.eclipse.tractusx.edc.tests.edrv2.EdrCacheApiEndToEndTest","refreshEdr_whenNotAuthorized"
"","64","Policy is accepted ""Data Frequency""","","2026-08-25","passed","2026-08-25","","org.eclipse.tractusx.edc.tests.policy.PolicyDefinitionEndToEndTest","org.eclipse.tractusx.edc.tests.policy.PolicyDefinitionEndToEndTest","shouldAcceptValidPolicyDefinitions"
"","6108","transferData_unsuccessful_notReturnOriginalSourceResponseCode_withTerminate()","","2026-08-25","passed","2026-08-25","","org.eclipse.tractusx.edc.tests.transfer.TransferPullEndToEndTest.Dsp2025to2025","org.eclipse.tractusx.edc.tests.transfer.TransferPullEndToEndTest$Dsp2025to2025","transferData_unsuccessful_notReturnOriginalSourceResponseCode_withTerminate"
"","65","Policy is accepted ""Liability""","","2026-08-25","passed","2026-08-25","","org.eclipse.tractusx.edc.tests.policy.PolicyDefinitionEndToEndTest","org.eclipse.tractusx.edc.tests.policy.PolicyDefinitionEndToEndTest","shouldAcceptValidPolicyDefinitions"
"","2059","transferFile_azureToS3(Vault)","","2026-08-25","passed","2026-08-25","","org.eclipse.tractusx.edc.dataplane.transfer.test.MultiCloudTest","org.eclipse.tractusx.edc.dataplane.transfer.test.MultiCloudTest","transferFile_azureToS3"
"","417","refreshEdr()","","2026-08-25","passed","2026-08-25","","org.eclipse.tractusx.edc.tests.edrv2.EdrCacheApiEndToEndTest","org.eclipse.tractusx.edc.tests.edrv2.EdrCacheApiEndToEndTest","refreshEdr"
"","105","Policy is accepted ""Affiliates Region (IS_ANY_OF, one element)""","","2026-08-25","passed","2026-08-25","","org.eclipse.tractusx.edc.tests.policy.PolicyDefinitionEndToEndTest","org.eclipse.tractusx.edc.tests.policy.PolicyDefinitionEndToEndTest","shouldAcceptValidPolicyDefinitions"
"","70","Policy is not accepted because definition is not correct ""Policy with different actions types""","","2026-08-25","passed","2026-08-25","","org.eclipse.tractusx.edc.tests.policy.PolicyDefinitionEndToEndTest","org.eclipse.tractusx.edc.tests.policy.PolicyDefinitionEndToEndTest","shouldNotAcceptInvalidPolicyDefinitions"
"","3","verifyCorrectParticipantAgentId_forDsp2025(DataspaceProfileContextRegistry)","","2026-08-25","passed","2026-08-25","","org.eclipse.tractusx.edc.tests.transfer.IdentityExtractionTest","org.eclipse.tractusx.edc.tests.transfer.IdentityExtractionTest","verifyCorrectParticipantAgentId_forDsp2025"
"","75","triggerDataTransfer_shouldFail_whenDataFlowIsNotInStartedState()","","2026-08-25","passed","2026-08-25","","org.eclipse.tractusx.edc.tests.transfer.DataFlowApiEndToEndTest","org.eclipse.tractusx.edc.tests.transfer.DataFlowApiEndToEndTest","triggerDataTransfer_shouldFail_whenDataFlowIsNotInStartedState"
"","52","Policy is accepted ""Empty Policy""","","2026-08-25","passed","2026-08-25","","org.eclipse.tractusx.edc.tests.policy.PolicyDefinitionEndToEndTest","org.eclipse.tractusx.edc.tests.policy.PolicyDefinitionEndToEndTest","shouldAcceptValidPolicyDefinitions"
"","7946","Verify that the callbacks are invoked when negotiating an EDR","","2026-08-25","passed","2026-08-25","","org.eclipse.tractusx.edc.tests.edrv2.NegotiateEdrTest","org.eclipse.tractusx.edc.tests.edrv2.NegotiateEdrTest","negotiateEdr_shouldInvokeCallbacks"
"","68","Policy is accepted ""Affiliates Region""","","2026-08-25","passed","2026-08-25","","org.eclipse.tractusx.edc.tests.policy.PolicyDefinitionEndToEndTest","org.eclipse.tractusx.edc.tests.policy.PolicyDefinitionEndToEndTest","shouldAcceptValidPolicyDefinitions"
"","22","discoveryShouldReturn400_whenDidNotResolvable()","","2026-08-25","passed","2026-08-25","","org.eclipse.tractusx.edc.discovery.e2e.ConnectorParameterDiscoveryTest","org.eclipse.tractusx.edc.discovery.e2e.ConnectorParameterDiscoveryTest","discoveryShouldReturn400_whenDidNotResolvable"
"","5","verifyCorrectParticipantAgentId_forDsp08(DataspaceProfileContextRegistry)","","2026-08-25","passed","2026-08-25","","org.eclipse.tractusx.edc.tests.transfer.IdentityExtractionTest","org.eclipse.tractusx.edc.tests.transfer.IdentityExtractionTest","verifyCorrectParticipantAgentId_forDsp08"
"","7104","Contract policy is fulfilled ""MembershipCredential""","","2026-08-25","passed","2026-08-25","","org.eclipse.tractusx.edc.tests.transfer.StsConsumerPullTest","org.eclipse.tractusx.edc.tests.transfer.StsConsumerPullTest","transferData_whenContractPolicyFulfilled"
"","8054","transferData_privateBackend_withConsumerDataPlane()","","2026-08-25","passed","2026-08-25","","org.eclipse.tractusx.edc.tests.transfer.StsConsumerPullTest","org.eclipse.tractusx.edc.tests.transfer.StsConsumerPullTest","transferData_privateBackend_withConsumerDataPlane"
"","63","Policy is accepted ""DataExchangeGovernance use case""","","2026-08-25","passed","2026-08-25","","org.eclipse.tractusx.edc.tests.policy.PolicyDefinitionEndToEndTest","org.eclipse.tractusx.edc.tests.policy.PolicyDefinitionEndToEndTest","shouldAcceptValidPolicyDefinitions"
"","69","Policy is not accepted because definition is not correct ""Access policy permission with not allowed constraints""","","2026-08-25","passed","2026-08-25","","org.eclipse.tractusx.edc.tests.policy.PolicyDefinitionEndToEndTest","org.eclipse.tractusx.edc.tests.policy.PolicyDefinitionEndToEndTest","shouldNotAcceptInvalidPolicyDefinitions"
"","25","discoveryShouldReturn400_ifRequestHasMissingProps()","","2026-08-25","passed","2026-08-25","","org.eclipse.tractusx.edc.discovery.e2e.ConnectorParameterDiscoveryTest","org.eclipse.tractusx.edc.discovery.e2e.ConnectorParameterDiscoveryTest","discoveryShouldReturn400_ifRequestHasMissingProps"
"","54","Policy is accepted ""Business Partner Number""","","2026-08-25","passed","2026-08-25","","org.eclipse.tractusx.edc.tests.policy.PolicyDefinitionEndToEndTest","org.eclipse.tractusx.edc.tests.policy.PolicyDefinitionEndToEndTest","shouldAcceptValidPolicyDefinitions"
"","66","Policy is accepted ""Data Frequency""","","2026-08-25","passed","2026-08-25","","org.eclipse.tractusx.edc.tests.policy.PolicyDefinitionEndToEndTest","org.eclipse.tractusx.edc.tests.policy.PolicyDefinitionEndToEndTest","shouldAcceptValidPolicyDefinitions"
"","6085","transferData_failing_withProxyOriginalResponse()","","2026-08-25","passed","2026-08-25","","org.eclipse.tractusx.edc.tests.transfer.TransferPullEndToEndTest.Dsp2025to2025","org.eclipse.tractusx.edc.tests.transfer.TransferPullEndToEndTest$Dsp2025to2025","transferData_failing_withProxyOriginalResponse"
"","59","Policy is accepted ""Data Usage End Date Definition""","","2026-08-25","passed","2026-08-25","","org.eclipse.tractusx.edc.tests.policy.PolicyDefinitionEndToEndTest","org.eclipse.tractusx.edc.tests.policy.PolicyDefinitionEndToEndTest","shouldAcceptValidPolicyDefinitions"
"","7594","transferData_privateBackend()","","2026-08-25","passed","2026-08-25","","org.eclipse.tractusx.edc.tests.transfer.StsConsumerPullTest","org.eclipse.tractusx.edc.tests.transfer.StsConsumerPullTest","transferData_privateBackend"
"","63","Policy is accepted ""Affiliates BPNL""","","2026-08-25","passed","2026-08-25","","org.eclipse.tractusx.edc.tests.policy.PolicyDefinitionEndToEndTest","org.eclipse.tractusx.edc.tests.policy.PolicyDefinitionEndToEndTest","shouldAcceptValidPolicyDefinitions"
"","54","Policy is accepted ""Precedence""","","2026-08-25","passed","2026-08-25","","org.eclipse.tractusx.edc.tests.policy.PolicyDefinitionEndToEndTest","org.eclipse.tractusx.edc.tests.policy.PolicyDefinitionEndToEndTest","shouldAcceptValidPolicyDefinitions"
"","2133","Verify the refresh endpoint is not called when auto_refresh=false","","2026-08-25","passed","2026-08-25","","org.eclipse.tractusx.edc.tests.edrv2.EdrCacheApiEndToEndTest","org.eclipse.tractusx.edc.tests.edrv2.EdrCacheApiEndToEndTest","getEdrWithRefresh_whenNotAutorefresh_shouldNotCallEndpoint"
"","6054","transferData_privateBackend_withConsumerDataPlane()","","2026-08-25","passed","2026-08-25","","org.eclipse.tractusx.edc.tests.transfer.TransferPullEndToEndTest.Dsp2025to2025","org.eclipse.tractusx.edc.tests.transfer.TransferPullEndToEndTest$Dsp2025to2025","transferData_privateBackend_withConsumerDataPlane"
"","47","Policy is not accepted because definition is not correct ""Usage policy obligation with not allowed constraints""","","2026-08-25","passed","2026-08-25","","org.eclipse.tractusx.edc.tests.policy.PolicyDefinitionEndToEndTest","org.eclipse.tractusx.edc.tests.policy.PolicyDefinitionEndToEndTest","shouldNotAcceptInvalidPolicyDefinitions"
"","13297","httpPushNonFiniteDataTransfer()","","2026-08-25","passed","2026-08-25","","org.eclipse.tractusx.edc.tests.transfer.TransferPushEndToEndTest.Dsp08to08","org.eclipse.tractusx.edc.tests.transfer.TransferPushEndToEndTest$Dsp08to08","httpPushNonFiniteDataTransfer"
"","658","shouldPass_whenContractDefinitionHasCorrectPolicies()","","2026-08-25","passed","2026-08-25","","org.eclipse.tractusx.edc.tests.validators.ContractDefinitionPoliciesValidatorsTest","org.eclipse.tractusx.edc.tests.validators.ContractDefinitionPoliciesValidatorsTest","shouldPass_whenContractDefinitionHasCorrectPolicies"
"","577","Verify that the consumer receives only the offers he is permitted to (using the legacy CX policy)","","2026-08-25","passed","2026-08-25","","org.eclipse.tractusx.edc.tests.catalog.CatalogTestDspV08","org.eclipse.tractusx.edc.tests.catalog.CatalogTestDspV08","requestCatalog_filteredByBpn_UsingLegacyCxPolicy_shouldReject"
"","51","Policy is accepted ""ContractTermination""","","2026-08-25","passed","2026-08-25","","org.eclipse.tractusx.edc.tests.policy.PolicyDefinitionEndToEndTest","org.eclipse.tractusx.edc.tests.policy.PolicyDefinitionEndToEndTest","shouldAcceptValidPolicyDefinitions"
"","7346","kafkaPullTransfer_withoutGroupPrefix_provisionsViaParticipantFallback()","","2026-08-25","passed","2026-08-25","","org.eclipse.tractusx.edc.tests.transfer.KafkaPullEndToEndTest","org.eclipse.tractusx.edc.tests.transfer.KafkaPullEndToEndTest","kafkaPullTransfer_withoutGroupPrefix_provisionsViaParticipantFallback"
"","50","Policy is not accepted because definition is not correct ""Usage policy permission with not allowed constraints""","","2026-08-25","passed","2026-08-25","","org.eclipse.tractusx.edc.tests.policy.PolicyDefinitionEndToEndTest","org.eclipse.tractusx.edc.tests.policy.PolicyDefinitionEndToEndTest","shouldNotAcceptInvalidPolicyDefinitions"
"","58","Policy is accepted ""Jurisdiction Location""","","2026-08-25","passed","2026-08-25","","org.eclipse.tractusx.edc.tests.policy.PolicyDefinitionEndToEndTest","org.eclipse.tractusx.edc.tests.policy.PolicyDefinitionEndToEndTest","shouldAcceptValidPolicyDefinitions"
"","8428","Contract policy is fulfilled ""DataExchangeGovernance use case""","","2026-08-25","passed","2026-08-25","","org.eclipse.tractusx.edc.tests.transfer.DivConsumerPullTest","org.eclipse.tractusx.edc.tests.transfer.DivConsumerPullTest","transferData_whenContractPolicyFulfilled"
"","7026","transferData_success_withProxyOriginalResponse()","","2026-08-25","passed","2026-08-25","","org.eclipse.tractusx.edc.tests.transfer.TransferPullEndToEndTest.Dsp2025to2025","org.eclipse.tractusx.edc.tests.transfer.TransferPullEndToEndTest$Dsp2025to2025","transferData_success_withProxyOriginalResponse"
"","46","Policy is accepted ""Exclusive Usage""","","2026-08-25","passed","2026-08-25","","org.eclipse.tractusx.edc.tests.policy.PolicyDefinitionEndToEndTest","org.eclipse.tractusx.edc.tests.policy.PolicyDefinitionEndToEndTest","shouldAcceptValidPolicyDefinitions"
"","67","4.3.3 Verify invalid access token - iss and sub different","","2026-08-25","passed","2026-08-25","","org.eclipse.dataspacetck.dcp.verification.presentation.verifier.PresentationFlowSection4Test","org.eclipse.dataspacetck.dcp.verification.presentation.verifier.PresentationFlowSection4Test","verifier_04_03_03_idTokenInvalidSub"
"","24530","transferFile_largeFile(long, Vault) File size bytes: 1073741824","","2026-08-25","passed","2026-08-25","","org.eclipse.tractusx.edc.dataplane.transfer.test.AzureToAzureTest","org.eclipse.tractusx.edc.dataplane.transfer.test.AzureToAzureTest","transferFile_largeFile"
"","7166","httpPushDataTransfer()","","2026-08-25","passed","2026-08-25","","org.eclipse.tractusx.edc.tests.transfer.TransferPushEndToEndTest.Dsp2025to2025","org.eclipse.tractusx.edc.tests.transfer.TransferPushEndToEndTest$Dsp2025to2025","httpPushDataTransfer"
"","67","5.1 Verifier should accept a valid PresentationResponseMessage","","2026-08-25","passed","2026-08-25","","org.eclipse.dataspacetck.dcp.verification.presentation.verifier.PresentationFlowSection5Test","org.eclipse.dataspacetck.dcp.verification.presentation.verifier.PresentationFlowSection5Test","verifier_05_01_presentationResponse_success"
"","55","4.3.3 Verify invalid access token - auth token bound to a different iss/sub","","2026-08-25","passed","2026-08-25","","org.eclipse.dataspacetck.dcp.verification.presentation.verifier.PresentationFlowSection4Test","org.eclipse.dataspacetck.dcp.verification.presentation.verifier.PresentationFlowSection4Test","verifier_04_03_03_idTokenInvalidIssuerSub"
"","66","Policy is accepted ""Affiliates Region (IS_ANY_OF, one element)""","","2026-08-25","passed","2026-08-25","","org.eclipse.tractusx.edc.tests.policy.PolicyDefinitionEndToEndTest","org.eclipse.tractusx.edc.tests.policy.PolicyDefinitionEndToEndTest","shouldAcceptValidPolicyDefinitions"
"","1789","trigger_shouldReturnSuccess_whenAllValidationsSucceed()","","2026-08-25","passed","2026-08-25","","org.eclipse.tractusx.edc.tests.transfer.DataFlowApiEndToEndTest","org.eclipse.tractusx.edc.tests.transfer.DataFlowApiEndToEndTest","trigger_shouldReturnSuccess_whenAllValidationsSucceed"
"","73","Policy is accepted ""Affiliates Region""","","2026-08-25","passed","2026-08-25","","org.eclipse.tractusx.edc.tests.policy.PolicyDefinitionEndToEndTest","org.eclipse.tractusx.edc.tests.policy.PolicyDefinitionEndToEndTest","shouldAcceptValidPolicyDefinitions"
"","6795","transferData_failing_withProxyOriginalResponse_withoutSourceResponseBody()","","2026-08-25","passed","2026-08-25","","org.eclipse.tractusx.edc.tests.transfer.TransferPullEndToEndTest.Dsp08to08","org.eclipse.tractusx.edc.tests.transfer.TransferPullEndToEndTest$Dsp08to08","transferData_failing_withProxyOriginalResponse_withoutSourceResponseBody"
"","47","Policy is accepted ""Contract reference""","","2026-08-25","passed","2026-08-25","","org.eclipse.tractusx.edc.tests.policy.PolicyDefinitionEndToEndTest","org.eclipse.tractusx.edc.tests.policy.PolicyDefinitionEndToEndTest","shouldAcceptValidPolicyDefinitions"
"","45","Policy is not accepted because definition is not correct ""Access Policy with prohibition rule""","","2026-08-25","passed","2026-08-25","","org.eclipse.tractusx.edc.tests.policy.PolicyDefinitionEndToEndTest","org.eclipse.tractusx.edc.tests.policy.PolicyDefinitionEndToEndTest","shouldNotAcceptInvalidPolicyDefinitions"
"","8043","transferData_privateBackend_withConsumerDataPlane()","","2026-08-25","passed","2026-08-25","","org.eclipse.tractusx.edc.tests.transfer.DivConsumerPullTest","org.eclipse.tractusx.edc.tests.transfer.DivConsumerPullTest","transferData_privateBackend_withConsumerDataPlane"
"","55","Policy is accepted ""Confidential Information Sharing""","","2026-08-25","passed","2026-08-25","","org.eclipse.tractusx.edc.tests.policy.PolicyDefinitionEndToEndTest","org.eclipse.tractusx.edc.tests.policy.PolicyDefinitionEndToEndTest","shouldAcceptValidPolicyDefinitions"
"","20073","transferFile_largeFile(long, Vault) File size bytes: 536870912","","2026-08-25","passed","2026-08-25","","org.eclipse.tractusx.edc.dataplane.transfer.test.AzureToAzureTest","org.eclipse.tractusx.edc.dataplane.transfer.test.AzureToAzureTest","transferFile_largeFile"
"","6086","transferData_unsuccessful_notReturnOriginalSourceResponseCode_withTerminate()","","2026-08-25","passed","2026-08-25","","org.eclipse.tractusx.edc.tests.transfer.TransferPullEndToEndTest.Dsp08to08","org.eclipse.tractusx.edc.tests.transfer.TransferPullEndToEndTest$Dsp08to08","transferData_unsuccessful_notReturnOriginalSourceResponseCode_withTerminate"
"","8841","kafkaPullTransfer_consumerReceivesMessages()","","2026-08-25","passed","2026-08-25","","org.eclipse.tractusx.edc.tests.transfer.KafkaPullEndToEndTest","org.eclipse.tractusx.edc.tests.transfer.KafkaPullEndToEndTest","kafkaPullTransfer_consumerReceivesMessages"
"","61","Policy is accepted ""Access policy with empty permission""","","2026-08-25","passed","2026-08-25","","org.eclipse.tractusx.edc.tests.policy.PolicyDefinitionEndToEndTest","org.eclipse.tractusx.edc.tests.policy.PolicyDefinitionEndToEndTest","shouldAcceptValidPolicyDefinitions"
"","61","Policy is accepted ""Warranty Definition""","","2026-08-25","passed","2026-08-25","","org.eclipse.tractusx.edc.tests.policy.PolicyDefinitionEndToEndTest","org.eclipse.tractusx.edc.tests.policy.PolicyDefinitionEndToEndTest","shouldAcceptValidPolicyDefinitions"
"","1266","Refresh token success","","2026-08-25","passed","2026-08-25","","org.eclipse.tractusx.edc.dataplane.tokenrefresh.e2e.DataPlaneTokenRefreshEndToEndTest","org.eclipse.tractusx.edc.dataplane.tokenrefresh.e2e.DataPlaneTokenRefreshEndToEndTest","refresh_success"
"","2061","transferFile_s3ToAzureMultipleFiles(Vault)","","2026-08-25","passed","2026-08-25","","org.eclipse.tractusx.edc.dataplane.transfer.test.MultiCloudTest","org.eclipse.tractusx.edc.dataplane.transfer.test.MultiCloudTest","transferFile_s3ToAzureMultipleFiles"
"","19934","Verify all existing TPs related to an agreement are terminated upon its retirement","","2026-08-25","passed","2026-08-25","","org.eclipse.tractusx.edc.tests.transfer.RetireAgreementTest","org.eclipse.tractusx.edc.tests.transfer.RetireAgreementTest","retireAgreement_shouldCloseTransferProcesses"
"","46","Policy is not accepted because definition is not correct ""Usage policy prohibition with not allowed constraints""","","2026-08-25","passed","2026-08-25","","org.eclipse.tractusx.edc.tests.policy.PolicyDefinitionEndToEndTest","org.eclipse.tractusx.edc.tests.policy.PolicyDefinitionEndToEndTest","shouldNotAcceptInvalidPolicyDefinitions"
"","58","triggerDataTransfer_shouldFail_whenDataFlowDoesNotExist()","","2026-08-25","passed","2026-08-25","","org.eclipse.tractusx.edc.tests.transfer.DataFlowApiEndToEndTest","org.eclipse.tractusx.edc.tests.transfer.DataFlowApiEndToEndTest","triggerDataTransfer_shouldFail_whenDataFlowDoesNotExist"
"","8063","httpPushDataTransfer_withLegacyUsagePolicy()","","2026-08-25","passed","2026-08-25","","org.eclipse.tractusx.edc.tests.transfer.TransferPushEndToEndTest.Dsp08to08","org.eclipse.tractusx.edc.tests.transfer.TransferPushEndToEndTest$Dsp08to08","httpPushDataTransfer_withLegacyUsagePolicy"
"","40","Policy is accepted ""Confidential Information Measures""","","2026-08-25","passed","2026-08-25","","org.eclipse.tractusx.edc.tests.policy.PolicyDefinitionEndToEndTest","org.eclipse.tractusx.edc.tests.policy.PolicyDefinitionEndToEndTest","shouldAcceptValidPolicyDefinitions"
"","44","discoveryShouldReturnDspParams_DidAsIdentifier()","","2026-08-25","passed","2026-08-25","","org.eclipse.tractusx.edc.discovery.e2e.ConnectorDiscoveryTest","org.eclipse.tractusx.edc.discovery.e2e.ConnectorDiscoveryTest","discoveryShouldReturnDspParams_DidAsIdentifier"
"","23","discoveryShouldReturn08DspParams_whenDsp2025NotAvailable_DidAsIdentifier()","","2026-08-25","passed","2026-08-25","","org.eclipse.tractusx.edc.discovery.e2e.ConnectorParameterDiscoveryTest","org.eclipse.tractusx.edc.discovery.e2e.ConnectorParameterDiscoveryTest","discoveryShouldReturn08DspParams_whenDsp2025NotAvailable_DidAsIdentifier"
"","43","Policy is not accepted because definition is not correct ""Usage policy obligation with not allowed constraints""","","2026-08-25","passed","2026-08-25","","org.eclipse.tractusx.edc.tests.policy.PolicyDefinitionEndToEndTest","org.eclipse.tractusx.edc.tests.policy.PolicyDefinitionEndToEndTest","shouldNotAcceptInvalidPolicyDefinitions"
"","5815","The authentication token misses required claims: token","","2026-08-25","passed","2026-08-25","","org.eclipse.tractusx.edc.dataplane.tokenrefresh.e2e.DataPlaneTokenRefreshEndToEndTest","org.eclipse.tractusx.edc.dataplane.tokenrefresh.e2e.DataPlaneTokenRefreshEndToEndTest","refresh_invalidAuthenticationToken_missingAccessToken"
"","71","Policy is accepted ""Version Changes""","","2026-08-25","passed","2026-08-25","","org.eclipse.tractusx.edc.tests.policy.PolicyDefinitionEndToEndTest","org.eclipse.tractusx.edc.tests.policy.PolicyDefinitionEndToEndTest","shouldAcceptValidPolicyDefinitions"
"","2136","transferFile_success()","","2026-08-25","passed","2026-08-25","","org.eclipse.tractusx.edc.dataplane.transfer.test.S3ToS3Test","org.eclipse.tractusx.edc.dataplane.transfer.test.S3ToS3Test","transferFile_success"
"","1270","The sign key of the authentication token is different from the public key from the DID","","2026-08-25","passed","2026-08-25","","org.eclipse.tractusx.edc.dataplane.tokenrefresh.e2e.DataPlaneTokenRefreshEndToEndTest","org.eclipse.tractusx.edc.dataplane.tokenrefresh.e2e.DataPlaneTokenRefreshEndToEndTest","refresh_spoofedAuthToken"
"","86","5.4.3 Verifier should reject Presentations where the holder does not match the credentialSubject.id","","2026-08-25","passed","2026-08-25","","org.eclipse.dataspacetck.dcp.verification.presentation.verifier.PresentationFlowSection5Test","org.eclipse.dataspacetck.dcp.verification.presentation.verifier.PresentationFlowSection5Test","verifier_05_04_03_presentationResponse_holderNotEqualSubjectId"
"","43","5.4.2.3 Verifier should reject an empty 'presentation' array","","2026-08-25","passed","2026-08-25","","org.eclipse.dataspacetck.dcp.verification.presentation.verifier.PresentationFlowSection5Test","org.eclipse.dataspacetck.dcp.verification.presentation.verifier.PresentationFlowSection5Test","verifier_05_04_02_03_presentationResponse_emptyPresentations"
"","12514","shouldTransferOneGbFile()","","2026-08-25","passed","2026-08-25","","org.eclipse.tractusx.edc.dataplane.transfer.test.S3ToS3Test","org.eclipse.tractusx.edc.dataplane.transfer.test.S3ToS3Test","shouldTransferOneGbFile"
"","10399","transferData_withAutomaticRefresh()","","2026-08-25","passed","2026-08-25","","org.eclipse.tractusx.edc.tests.transfer.TransferWithTokenRefreshTest","org.eclipse.tractusx.edc.tests.transfer.TransferWithTokenRefreshTest","transferData_withAutomaticRefresh"
"","8151","httpPushDataTransfer_withLegacyUsagePolicy()","","2026-08-25","passed","2026-08-25","","org.eclipse.tractusx.edc.tests.transfer.TransferPushEndToEndTest.Dsp2025to2025","org.eclipse.tractusx.edc.tests.transfer.TransferPushEndToEndTest$Dsp2025to2025","httpPushDataTransfer_withLegacyUsagePolicy"
"","63","Policy is accepted ""Enforce data usage end date 1 second in the future""","","2026-08-25","passed","2026-08-25","","org.eclipse.tractusx.edc.tests.policy.PolicyDefinitionEndToEndTest","org.eclipse.tractusx.edc.tests.policy.PolicyDefinitionEndToEndTest","shouldAcceptValidPolicyDefinitions"
"","53","4.3.1 Verifier should reject an ID token that does not contain an access token","","2026-08-25","passed","2026-08-25","","org.eclipse.dataspacetck.dcp.verification.presentation.verifier.PresentationFlowSection4Test","org.eclipse.dataspacetck.dcp.verification.presentation.verifier.PresentationFlowSection4Test","verifier_04_03_01_presentationResponse_idTokenNoTokenClaim"
"","56","5.4.3.6 Verifier should reject a credential that is not yet valid","","2026-08-25","passed","2026-08-25","","org.eclipse.dataspacetck.dcp.verification.presentation.verifier.PresentationFlowSection5Test","org.eclipse.dataspacetck.dcp.verification.presentation.verifier.PresentationFlowSection5Test","verifier_05_04_03_06_presentationResponse_notYetValidCredential"
"","84","5.4.2.4 Verifier should reject an a presentation where a requested credential is missing","","2026-08-25","passed","2026-08-25","","org.eclipse.dataspacetck.dcp.verification.presentation.verifier.PresentationFlowSection5Test","org.eclipse.dataspacetck.dcp.verification.presentation.verifier.PresentationFlowSection5Test","verifier_05_04_02_04_presentationResponse_emptyCredentials"
"","2058","transferFile_success(Vault)","","2026-08-25","passed","2026-08-25","","org.eclipse.tractusx.edc.dataplane.transfer.test.AzureToAzureTest","org.eclipse.tractusx.edc.dataplane.transfer.test.AzureToAzureTest","transferFile_success"
"","10759","transferFile_withBucketCreation_success()","","2026-08-25","passed","2026-08-25","","org.eclipse.tractusx.edc.tests.transfer.S3ToS3EndToEndTest","org.eclipse.tractusx.edc.tests.transfer.S3ToS3EndToEndTest","transferFile_withBucketCreation_success"
"","150","shouldFail_whenAccessPolicyDefinedAsContractPolicy()","","2026-08-25","passed","2026-08-25","","org.eclipse.tractusx.edc.tests.validators.ContractDefinitionPoliciesValidatorsTest","org.eclipse.tractusx.edc.tests.validators.ContractDefinitionPoliciesValidatorsTest","shouldFail_whenAccessPolicyDefinedAsContractPolicy"
"","167864","assertDspCompatibility()","","2026-08-25","passed","2026-08-25","","org.eclipse.tractusx.edc.tests.tck.dsp.EdcCompatibilityPostgresTest","org.eclipse.tractusx.edc.tests.tck.dsp.EdcCompatibilityPostgresTest","assertDspCompatibility"
"","73","5.4.2.2 Verifier should accept a presentation response message that contains more credentials than requested","","2026-08-25","passed","2026-08-25","","org.eclipse.dataspacetck.dcp.verification.presentation.verifier.PresentationFlowSection5Test","org.eclipse.dataspacetck.dcp.verification.presentation.verifier.PresentationFlowSection5Test","verifier_05_04_02_02_presentationResponse_tooManyCredentials"
"","55","4.3.3 Verify invalid access token - incorrect aud","","2026-08-25","passed","2026-08-25","","org.eclipse.dataspacetck.dcp.verification.presentation.verifier.PresentationFlowSection4Test","org.eclipse.dataspacetck.dcp.verification.presentation.verifier.PresentationFlowSection4Test","verifier_04_03_03_idTokenIncorrectAud"
"","290","Verify that the consumer receives only the offers he is permitted to (using the new BPN validation)","","2026-08-25","passed","2026-08-25","","org.eclipse.tractusx.edc.tests.catalog.CatalogTestDspV08","org.eclipse.tractusx.edc.tests.catalog.CatalogTestDspV08","requestCatalog_filteredByBpn_shouldReject"
"","5922","transferData_successful_notReturnOriginalSourceResponseCode_withTerminate()","","2026-08-25","passed","2026-08-25","","org.eclipse.tractusx.edc.tests.transfer.TransferPullEndToEndTest.Dsp08to08","org.eclipse.tractusx.edc.tests.transfer.TransferPullEndToEndTest$Dsp08to08","transferData_successful_notReturnOriginalSourceResponseCode_withTerminate"
"","7124","transferData_success_withProxyOriginalResponse()","","2026-08-25","passed","2026-08-25","","org.eclipse.tractusx.edc.tests.transfer.TransferPullEndToEndTest.Dsp08to08","org.eclipse.tractusx.edc.tests.transfer.TransferPullEndToEndTest$Dsp08to08","transferData_success_withProxyOriginalResponse"
"","1316","Refresh token is empty (missing)","","2026-08-25","passed","2026-08-25","","org.eclipse.tractusx.edc.dataplane.tokenrefresh.e2e.DataPlaneTokenRefreshEndToEndTest","org.eclipse.tractusx.edc.dataplane.tokenrefresh.e2e.DataPlaneTokenRefreshEndToEndTest","refresh_invalidRefreshToken"
"","2062","transferMultipleFiles()","","2026-08-25","passed","2026-08-25","","org.eclipse.tractusx.edc.dataplane.transfer.test.S3ToS3Test","org.eclipse.tractusx.edc.dataplane.transfer.test.S3ToS3Test","transferMultipleFiles"
"","191","Provider gets 400 when no asset selector is used","","2026-08-25","passed","2026-08-25","","org.eclipse.tractusx.edc.tests.validators.EmptyAssetSelectorValidatorTest","org.eclipse.tractusx.edc.tests.validators.EmptyAssetSelectorValidatorTest","shouldFail_whenContractDefinitionHasNoAssetSelector"
"","59","Policy is accepted ""Data Usage End Date Definition""","","2026-08-25","passed","2026-08-25","","org.eclipse.tractusx.edc.tests.policy.PolicyDefinitionEndToEndTest","org.eclipse.tractusx.edc.tests.policy.PolicyDefinitionEndToEndTest","shouldAcceptValidPolicyDefinitions"
"","1395","The Authorization header is missing","","2026-08-25","passed","2026-08-25","","org.eclipse.tractusx.edc.dataplane.tokenrefresh.e2e.DataPlaneTokenRefreshEndToEndTest","org.eclipse.tractusx.edc.dataplane.tokenrefresh.e2e.DataPlaneTokenRefreshEndToEndTest","refresh_missingAuthHeader"
"","1870","discoveryShouldReturn400_ifRequestHasMissingProps()","","2026-08-25","passed","2026-08-25","","org.eclipse.tractusx.edc.discovery.e2e.ConnectorDiscoveryTest","org.eclipse.tractusx.edc.discovery.e2e.ConnectorDiscoveryTest","discoveryShouldReturn400_ifRequestHasMissingProps"
"","69","Policy is accepted ""Access policy with empty permission""","","2026-08-25","passed","2026-08-25","","org.eclipse.tractusx.edc.tests.policy.PolicyDefinitionEndToEndTest","org.eclipse.tractusx.edc.tests.policy.PolicyDefinitionEndToEndTest","shouldAcceptValidPolicyDefinitions"
"","637","Verify that the consumer receives only the offers he is permitted to (using the legacy BPN validation)","","2026-08-25","passed","2026-08-25","","org.eclipse.tractusx.edc.tests.catalog.CatalogTest","org.eclipse.tractusx.edc.tests.catalog.CatalogTest","requestCatalog_filteredByBpnLegacy_WithNamespace_shouldReject"
"","49","Policy is not accepted because definition is not correct ""Access policy permission with not allowed constraints""","","2026-08-25","passed","2026-08-25","","org.eclipse.tractusx.edc.tests.policy.PolicyDefinitionEndToEndTest","org.eclipse.tractusx.edc.tests.policy.PolicyDefinitionEndToEndTest","shouldNotAcceptInvalidPolicyDefinitions"
"","54","Policy is not accepted because definition is not correct ""Policy with mutually exclusive constraints""","","2026-08-25","passed","2026-08-25","","org.eclipse.tractusx.edc.tests.policy.PolicyDefinitionEndToEndTest","org.eclipse.tractusx.edc.tests.policy.PolicyDefinitionEndToEndTest","shouldNotAcceptInvalidPolicyDefinitions"
"","496","discoveryShouldReturnDspParams_BpnAsIdentifier()","","2026-08-25","passed","2026-08-25","","org.eclipse.tractusx.edc.discovery.e2e.ConnectorDiscoveryTest","org.eclipse.tractusx.edc.discovery.e2e.ConnectorDiscoveryTest","discoveryShouldReturnDspParams_BpnAsIdentifier"
"","1341","The authentication token has a invalid id","","2026-08-25","passed","2026-08-25","","org.eclipse.tractusx.edc.dataplane.tokenrefresh.e2e.DataPlaneTokenRefreshEndToEndTest","org.eclipse.tractusx.edc.dataplane.tokenrefresh.e2e.DataPlaneTokenRefreshEndToEndTest","refresh_invalidTokenId"
"","36","Verifier should resolve the DID from the prover's ID token","","2026-08-25","passed","2026-08-25","","org.eclipse.dataspacetck.dcp.verification.presentation.verifier.PresentationFlowSection5Test","org.eclipse.dataspacetck.dcp.verification.presentation.verifier.PresentationFlowSection5Test","presentationResponse_endpointDiscovery"
"","10186","transferFile_success()","","2026-08-25","passed","2026-08-25","","org.eclipse.tractusx.edc.tests.transfer.S3ToS3EndToEndTest","org.eclipse.tractusx.edc.tests.transfer.S3ToS3EndToEndTest","transferFile_success"
"","34533","shouldTerminateTransfer_whenDataUsageEndDatePolicyExpires()","","2026-08-25","passed","2026-08-25","","org.eclipse.tractusx.edc.tests.policy.PolicyMonitorEndToEndTest","org.eclipse.tractusx.edc.tests.policy.PolicyMonitorEndToEndTest","shouldTerminateTransfer_whenDataUsageEndDatePolicyExpires"
"","55","Policy is accepted ""Enforce data usage end date 1 day in the future""","","2026-08-25","passed","2026-08-25","","org.eclipse.tractusx.edc.tests.policy.PolicyDefinitionEndToEndTest","org.eclipse.tractusx.edc.tests.policy.PolicyDefinitionEndToEndTest","shouldAcceptValidPolicyDefinitions"
"","2073","transferFolder_targetFolderNotExists_shouldCreate(Vault)","","2026-08-25","passed","2026-08-25","","org.eclipse.tractusx.edc.dataplane.transfer.test.AzureToAzureTest","org.eclipse.tractusx.edc.dataplane.transfer.test.AzureToAzureTest","transferFolder_targetFolderNotExists_shouldCreate"
"","193","Expect the Catalog request to fail if a credential has an invalid credential subject id","","2026-08-25","passed","2026-08-25","","org.eclipse.tractusx.edc.tests.transfer.DivConsumerPullTest","org.eclipse.tractusx.edc.tests.transfer.DivConsumerPullTest","catalogRequest_whenCredentialSubjectIdIsInvalid"
"","52","Policy is accepted ""Warranty""","","2026-08-25","passed","2026-08-25","","org.eclipse.tractusx.edc.tests.policy.PolicyDefinitionEndToEndTest","org.eclipse.tractusx.edc.tests.policy.PolicyDefinitionEndToEndTest","shouldAcceptValidPolicyDefinitions"
"","276","Verify that the consumer receives only the offers he is permitted to (using the legacy BPN validation)","","2026-08-25","passed","2026-08-25","","org.eclipse.tractusx.edc.tests.catalog.CatalogTestDspV08","org.eclipse.tractusx.edc.tests.catalog.CatalogTestDspV08","requestCatalog_filteredByBpnLegacy_shouldReject"
"","67","Policy is accepted ""Empty Policy""","","2026-08-25","passed","2026-08-25","","org.eclipse.tractusx.edc.tests.policy.PolicyDefinitionEndToEndTest","org.eclipse.tractusx.edc.tests.policy.PolicyDefinitionEndToEndTest","shouldAcceptValidPolicyDefinitions"
"","70","Policy is accepted ""Data Usage End Date""","","2026-08-25","passed","2026-08-25","","org.eclipse.tractusx.edc.tests.policy.PolicyDefinitionEndToEndTest","org.eclipse.tractusx.edc.tests.policy.PolicyDefinitionEndToEndTest","shouldAcceptValidPolicyDefinitions"
"","85","5.4.3.7 Verifier should reject an expired credential","","2026-08-25","passed","2026-08-25","","org.eclipse.dataspacetck.dcp.verification.presentation.verifier.PresentationFlowSection5Test","org.eclipse.dataspacetck.dcp.verification.presentation.verifier.PresentationFlowSection5Test","verifier_05_04_03_07_presentationResponse_expiredCredential"
"","7686","transferData_privateBackend()","","2026-08-25","passed","2026-08-25","","org.eclipse.tractusx.edc.tests.transfer.DivConsumerPullTest","org.eclipse.tractusx.edc.tests.transfer.DivConsumerPullTest","transferData_privateBackend"
"","7265","httpPushDataTransfer()","","2026-08-25","passed","2026-08-25","","org.eclipse.tractusx.edc.tests.transfer.TransferPushEndToEndTest.Dsp08to08","org.eclipse.tractusx.edc.tests.transfer.TransferPushEndToEndTest$Dsp08to08","httpPushDataTransfer"
"","15746","Malicious actor should not impersonate a consumer by creating a VP with the consumer membership credential","","2026-08-25","passed","2026-08-25","","org.eclipse.tractusx.edc.tests.transfer.CredentialSpoofTest","org.eclipse.tractusx.edc.tests.transfer.CredentialSpoofTest","shouldNotImpersonateConsumer_withWrappedConsumerCredential"
"","850","shouldFail_whenDestinationBucketDoesNotExist()","","2026-08-25","passed","2026-08-25","","org.eclipse.tractusx.edc.dataplane.transfer.test.S3ToS3Test","org.eclipse.tractusx.edc.dataplane.transfer.test.S3ToS3Test","shouldFail_whenDestinationBucketDoesNotExist"
"","6906","transferData_failing_withProxyOriginalResponse_withoutSourceResponseBody()","","2026-08-25","passed","2026-08-25","","org.eclipse.tractusx.edc.tests.transfer.TransferPullEndToEndTest.Dsp2025to2025","org.eclipse.tractusx.edc.tests.transfer.TransferPullEndToEndTest$Dsp2025to2025","transferData_failing_withProxyOriginalResponse_withoutSourceResponseBody"
"","51","Policy is accepted ""Usage Purpose""","","2026-08-25","passed","2026-08-25","","org.eclipse.tractusx.edc.tests.policy.PolicyDefinitionEndToEndTest","org.eclipse.tractusx.edc.tests.policy.PolicyDefinitionEndToEndTest","shouldAcceptValidPolicyDefinitions"
"","372","Provider gets 400 when empty asset selector is used","","2026-08-25","passed","2026-08-25","","org.eclipse.tractusx.edc.tests.validators.EmptyAssetSelectorValidatorTest","org.eclipse.tractusx.edc.tests.validators.EmptyAssetSelectorValidatorTest","shouldFail_whenContractDefinitionHasEmptyAssetSelector"
"","84","Expect the Catalog request to fail if a requested credential is missing","","2026-08-25","passed","2026-08-25","","org.eclipse.tractusx.edc.tests.transfer.StsConsumerPullTest","org.eclipse.tractusx.edc.tests.transfer.StsConsumerPullTest","catalogRequest_whenRequestedCredentialMissing"
"","2880","transferFile_azureToS3MultipleFiles(Vault)","","2026-08-25","passed","2026-08-25","","org.eclipse.tractusx.edc.dataplane.transfer.test.MultiCloudTest","org.eclipse.tractusx.edc.dataplane.transfer.test.MultiCloudTest","transferFile_azureToS3MultipleFiles"
"","64","Policy is accepted ""Data Usage End Date""","","2026-08-25","passed","2026-08-25","","org.eclipse.tractusx.edc.tests.policy.PolicyDefinitionEndToEndTest","org.eclipse.tractusx.edc.tests.policy.PolicyDefinitionEndToEndTest","shouldAcceptValidPolicyDefinitions"
"","473","Expect the Catalog request to fail if a credential is expired","","2026-08-25","passed","2026-08-25","","org.eclipse.tractusx.edc.tests.transfer.StsConsumerPullTest","org.eclipse.tractusx.edc.tests.transfer.StsConsumerPullTest","catalogRequest_whenCredentialExpired"
"","48","Policy is accepted ""Liability""","","2026-08-25","passed","2026-08-25","","org.eclipse.tractusx.edc.tests.policy.PolicyDefinitionEndToEndTest","org.eclipse.tractusx.edc.tests.policy.PolicyDefinitionEndToEndTest","shouldAcceptValidPolicyDefinitions"
"","2982","Verify that the consumer receives only the offers he is permitted to (using the legacy CX policy)","","2026-08-25","passed","2026-08-25","","org.eclipse.tractusx.edc.tests.catalog.CatalogTest","org.eclipse.tractusx.edc.tests.catalog.CatalogTest","requestCatalog_filteredByBpn_UsingLegacyCxPolicy_shouldReject"
"","51","Policy is accepted ""Version Changes""","","2026-08-25","passed","2026-08-25","","org.eclipse.tractusx.edc.tests.policy.PolicyDefinitionEndToEndTest","org.eclipse.tractusx.edc.tests.policy.PolicyDefinitionEndToEndTest","shouldAcceptValidPolicyDefinitions"
"","734","triggerDataTransfer_shouldFail_whenDataFlowIsNotPushFlowType()","","2026-08-25","passed","2026-08-25","","org.eclipse.tractusx.edc.tests.transfer.DataFlowApiEndToEndTest","org.eclipse.tractusx.edc.tests.transfer.DataFlowApiEndToEndTest","triggerDataTransfer_shouldFail_whenDataFlowIsNotPushFlowType"
"","116","BusinessPartnerDeleted event is published","","2026-08-25","passed","2026-08-25","","org.eclipse.tractusx.edc.tests.bpn.events.BusinessPartnerEventTest","org.eclipse.tractusx.edc.tests.bpn.events.BusinessPartnerEventTest","shouldPublishBusinessPartnerDeletedEvent"
"","53","Policy is accepted ""Business Partner Group""","","2026-08-25","passed","2026-08-25","","org.eclipse.tractusx.edc.tests.policy.PolicyDefinitionEndToEndTest","org.eclipse.tractusx.edc.tests.policy.PolicyDefinitionEndToEndTest","shouldAcceptValidPolicyDefinitions"
"","54","Policy is accepted ""Confidential Information Measures""","","2026-08-25","passed","2026-08-25","","org.eclipse.tractusx.edc.tests.policy.PolicyDefinitionEndToEndTest","org.eclipse.tractusx.edc.tests.policy.PolicyDefinitionEndToEndTest","shouldAcceptValidPolicyDefinitions"
"","5098","transferData_successful_notReturnOriginalSourceResponseCode_withTerminate()","","2026-08-25","passed","2026-08-25","","org.eclipse.tractusx.edc.tests.transfer.TransferPullEndToEndTest.Dsp2025to2025","org.eclipse.tractusx.edc.tests.transfer.TransferPullEndToEndTest$Dsp2025to2025","transferData_successful_notReturnOriginalSourceResponseCode_withTerminate"
"","306","discoveryShouldReturn2025DspParams_BpnAsIdentifier()","","2026-08-25","passed","2026-08-25","","org.eclipse.tractusx.edc.discovery.e2e.ConnectorParameterDiscoveryTest","org.eclipse.tractusx.edc.discovery.e2e.ConnectorParameterDiscoveryTest","discoveryShouldReturn2025DspParams_BpnAsIdentifier"
"","47","Policy is not accepted because definition is not correct ""Usage policy prohibition with not allowed constraints""","","2026-08-25","passed","2026-08-25","","org.eclipse.tractusx.edc.tests.policy.PolicyDefinitionEndToEndTest","org.eclipse.tractusx.edc.tests.policy.PolicyDefinitionEndToEndTest","shouldNotAcceptInvalidPolicyDefinitions"
"","13433","httpPushNonFiniteDataTransfer()","","2026-08-25","passed","2026-08-25","","org.eclipse.tractusx.edc.tests.transfer.TransferPushEndToEndTest.Dsp2025to2025","org.eclipse.tractusx.edc.tests.transfer.TransferPushEndToEndTest$Dsp2025to2025","httpPushNonFiniteDataTransfer"
"","2093","transferFile_s3ToAzureMultipleFiles_whenConsumerDefinesBloblName_success(Vault)","","2026-08-25","passed","2026-08-25","","org.eclipse.tractusx.edc.dataplane.transfer.test.MultiCloudTest","org.eclipse.tractusx.edc.dataplane.transfer.test.MultiCloudTest","transferFile_s3ToAzureMultipleFiles_whenConsumerDefinesBloblName_success"
"","80","Policy is accepted ""Affiliates BPNL""","","2026-08-25","passed","2026-08-25","","org.eclipse.tractusx.edc.tests.policy.PolicyDefinitionEndToEndTest","org.eclipse.tractusx.edc.tests.policy.PolicyDefinitionEndToEndTest","shouldAcceptValidPolicyDefinitions"
"","6029","transferData_success_withProxyOriginalResponse_withoutSourceResponseBody()","","2026-08-25","passed","2026-08-25","","org.eclipse.tractusx.edc.tests.transfer.TransferPullEndToEndTest.Dsp2025to2025","org.eclipse.tractusx.edc.tests.transfer.TransferPullEndToEndTest$Dsp2025to2025","transferData_success_withProxyOriginalResponse_withoutSourceResponseBody"
"","51","Policy is accepted ""Business Partner Number""","","2026-08-25","passed","2026-08-25","","org.eclipse.tractusx.edc.tests.policy.PolicyDefinitionEndToEndTest","org.eclipse.tractusx.edc.tests.policy.PolicyDefinitionEndToEndTest","shouldAcceptValidPolicyDefinitions"
"","2087","transferMultipleFile_success(Vault)","","2026-08-25","passed","2026-08-25","","org.eclipse.tractusx.edc.dataplane.transfer.test.AzureToAzureTest","org.eclipse.tractusx.edc.dataplane.transfer.test.AzureToAzureTest","transferMultipleFile_success"
"","48733","Catalog with 1000 offers","","2026-08-25","passed","2026-08-25","","org.eclipse.tractusx.edc.tests.catalog.CatalogTest","org.eclipse.tractusx.edc.tests.catalog.CatalogTest","requestCatalog_of1000Assets_shouldContainAll"
"","2333","Policy is accepted ""MembershipCredential""","","2026-08-25","passed","2026-08-25","","org.eclipse.tractusx.edc.tests.policy.PolicyDefinitionEndToEndTest","org.eclipse.tractusx.edc.tests.policy.PolicyDefinitionEndToEndTest","shouldAcceptValidPolicyDefinitions"
"","36250","shouldTerminateTransfer_whenDataProvisioningEndDatePolicyExpires()","","2026-08-25","passed","2026-08-25","","org.eclipse.tractusx.edc.tests.policy.PolicyMonitorEndToEndTest","org.eclipse.tractusx.edc.tests.policy.PolicyMonitorEndToEndTest","shouldTerminateTransfer_whenDataProvisioningEndDatePolicyExpires"
"","10251","azureBlobPush_containerNotExist()","","2026-08-25","passed","2026-08-25","","org.eclipse.tractusx.edc.tests.transfer.AzureToAzureEndToEndTest","org.eclipse.tractusx.edc.tests.transfer.AzureToAzureEndToEndTest","azureBlobPush_containerNotExist"
"","6592","transferData_privateBackend_withConsumerDataPlane()","","2026-08-25","passed","2026-08-25","","org.eclipse.tractusx.edc.tests.transfer.TransferPullEndToEndTest.Dsp08to08","org.eclipse.tractusx.edc.tests.transfer.TransferPullEndToEndTest$Dsp08to08","transferData_privateBackend_withConsumerDataPlane"
"","56","Policy is accepted ""Data Usage End Duration Days""","","2026-08-25","passed","2026-08-25","","org.eclipse.tractusx.edc.tests.policy.PolicyDefinitionEndToEndTest","org.eclipse.tractusx.edc.tests.policy.PolicyDefinitionEndToEndTest","shouldAcceptValidPolicyDefinitions"
"","6067","transferData_success_withProxyOriginalResponse_withoutSourceResponseBody()","","2026-08-25","passed","2026-08-25","","org.eclipse.tractusx.edc.tests.transfer.TransferPullEndToEndTest.Dsp08to08","org.eclipse.tractusx.edc.tests.transfer.TransferPullEndToEndTest$Dsp08to08","transferData_success_withProxyOriginalResponse_withoutSourceResponseBody"
"","1252","Expect the Catalog request to fail if a credential is expired","","2026-08-25","passed","2026-08-25","","org.eclipse.tractusx.edc.tests.transfer.DivConsumerPullTest","org.eclipse.tractusx.edc.tests.transfer.DivConsumerPullTest","catalogRequest_whenCredentialExpired"
"","55","Policy is accepted ""Jurisdiction Location""","","2026-08-25","passed","2026-08-25","","org.eclipse.tractusx.edc.tests.policy.PolicyDefinitionEndToEndTest","org.eclipse.tractusx.edc.tests.policy.PolicyDefinitionEndToEndTest","shouldAcceptValidPolicyDefinitions"
"","48","Verify the refresh endpoint is not called when token not yet expired","","2026-08-25","passed","2026-08-25","","org.eclipse.tractusx.edc.tests.edrv2.EdrCacheApiEndToEndTest","org.eclipse.tractusx.edc.tests.edrv2.EdrCacheApiEndToEndTest","getEdrWithRefresh_notExpired_shouldNotCallEndpoint"
"","7282","Contract policy is fulfilled ""DataExchangeGovernance use case""","","2026-08-25","passed","2026-08-25","","org.eclipse.tractusx.edc.tests.transfer.StsConsumerPullTest","org.eclipse.tractusx.edc.tests.transfer.StsConsumerPullTest","transferData_whenContractPolicyFulfilled"
"","67","Verify HTTP 403 response when refreshing the token is not allowed","","2026-08-25","passed","2026-08-25","","org.eclipse.tractusx.edc.tests.edrv2.EdrCacheApiEndToEndTest","org.eclipse.tractusx.edc.tests.edrv2.EdrCacheApiEndToEndTest","getEdrWithRefresh_unauthorized"
"","58","5.4.2.1 Verifier should reject a presentation response message that contains a different credential than requested","","2026-08-25","passed","2026-08-25","","org.eclipse.dataspacetck.dcp.verification.presentation.verifier.PresentationFlowSection5Test","org.eclipse.dataspacetck.dcp.verification.presentation.verifier.PresentationFlowSection5Test","verifier_05_04_02_01_presentationResponse_tooFewCredentials"
"","44","Policy is accepted ""Confidential Information Sharing""","","2026-08-25","passed","2026-08-25","","org.eclipse.tractusx.edc.tests.policy.PolicyDefinitionEndToEndTest","org.eclipse.tractusx.edc.tests.policy.PolicyDefinitionEndToEndTest","shouldAcceptValidPolicyDefinitions"
"","33","discoveryShouldReturn2025DspParams_DidAsIdentifier()","","2026-08-25","passed","2026-08-25","","org.eclipse.tractusx.edc.discovery.e2e.ConnectorParameterDiscoveryTest","org.eclipse.tractusx.edc.discovery.e2e.ConnectorParameterDiscoveryTest","discoveryShouldReturn2025DspParams_DidAsIdentifier"
"","1333","The Authorization header is empty","","2026-08-25","passed","2026-08-25","","org.eclipse.tractusx.edc.dataplane.tokenrefresh.e2e.DataPlaneTokenRefreshEndToEndTest","org.eclipse.tractusx.edc.dataplane.tokenrefresh.e2e.DataPlaneTokenRefreshEndToEndTest","refresh_emptyAuthHeader"
"","113","BusinessPartnerUpdated event is published","","2026-08-25","passed","2026-08-25","","org.eclipse.tractusx.edc.tests.bpn.events.BusinessPartnerEventTest","org.eclipse.tractusx.edc.tests.bpn.events.BusinessPartnerEventTest","shouldPublishBusinessPartnerUpdatedEvent"
"","57","Policy is not accepted because definition is not correct ""Usage policy permission with not allowed constraints""","","2026-08-25","passed","2026-08-25","","org.eclipse.tractusx.edc.tests.policy.PolicyDefinitionEndToEndTest","org.eclipse.tractusx.edc.tests.policy.PolicyDefinitionEndToEndTest","shouldNotAcceptInvalidPolicyDefinitions"
"","204","Provider gets 200 when asset selector has a valid criterion","","2026-08-25","passed","2026-08-25","","org.eclipse.tractusx.edc.tests.validators.EmptyAssetSelectorValidatorTest","org.eclipse.tractusx.edc.tests.validators.EmptyAssetSelectorValidatorTest","shouldPass_whenContractDefinitionHasCorrectAssetSelector"
"","74","Policy is accepted ""Precedence""","","2026-08-25","passed","2026-08-25","","org.eclipse.tractusx.edc.tests.policy.PolicyDefinitionEndToEndTest","org.eclipse.tractusx.edc.tests.policy.PolicyDefinitionEndToEndTest","shouldAcceptValidPolicyDefinitions"
"","62","Policy is accepted ""Warranty Duration Months""","","2026-08-25","passed","2026-08-25","","org.eclipse.tractusx.edc.tests.policy.PolicyDefinitionEndToEndTest","org.eclipse.tractusx.edc.tests.policy.PolicyDefinitionEndToEndTest","shouldAcceptValidPolicyDefinitions"
"","59","4.3.3 Verify invalid access token - expired","","2026-08-25","passed","2026-08-25","","org.eclipse.dataspacetck.dcp.verification.presentation.verifier.PresentationFlowSection4Test","org.eclipse.dataspacetck.dcp.verification.presentation.verifier.PresentationFlowSection4Test","verifier_04_03_03_idTokenExpired"
"","219","Multiple ContractDefinitions exist for one Asset","","2026-08-25","passed","2026-08-25","","org.eclipse.tractusx.edc.tests.catalog.CatalogTest","org.eclipse.tractusx.edc.tests.catalog.CatalogTest","requestCatalog_multipleOffersForAsset"
"","16392","kafkaPullTransfer_terminationRevokesToken()","","2026-08-25","passed","2026-08-25","","org.eclipse.tractusx.edc.tests.transfer.KafkaPullEndToEndTest","org.eclipse.tractusx.edc.tests.transfer.KafkaPullEndToEndTest","kafkaPullTransfer_terminationRevokesToken"
"","172","shouldFail_whenContractPolicyDefinedAsAccessPolicy()","","2026-08-25","passed","2026-08-25","","org.eclipse.tractusx.edc.tests.validators.ContractDefinitionPoliciesValidatorsTest","org.eclipse.tractusx.edc.tests.validators.ContractDefinitionPoliciesValidatorsTest","shouldFail_whenContractPolicyDefinedAsAccessPolicy"
"","316","Consumer gets catalog from the provider. No constraints.","","2026-08-25","passed","2026-08-25","","org.eclipse.tractusx.edc.tests.catalog.CatalogTest","org.eclipse.tractusx.edc.tests.catalog.CatalogTest","requestCatalog_fulfillsPolicy_shouldReturnOffer"
"","58","Policy is accepted ""Usage Purpose""","","2026-08-25","passed","2026-08-25","","org.eclipse.tractusx.edc.tests.policy.PolicyDefinitionEndToEndTest","org.eclipse.tractusx.edc.tests.policy.PolicyDefinitionEndToEndTest","shouldAcceptValidPolicyDefinitions"
"","60","Policy is accepted ""Contract reference""","","2026-08-25","passed","2026-08-25","","org.eclipse.tractusx.edc.tests.policy.PolicyDefinitionEndToEndTest","org.eclipse.tractusx.edc.tests.policy.PolicyDefinitionEndToEndTest","shouldAcceptValidPolicyDefinitions"
"","194","Consumer gets catalog from the provider. No constraints.","","2026-08-25","passed","2026-08-25","","org.eclipse.tractusx.edc.tests.catalog.CatalogTestDspV08","org.eclipse.tractusx.edc.tests.catalog.CatalogTestDspV08","requestCatalog_fulfillsPolicy_shouldReturnOffer"
"","3476","Run TCK Presentation Flow tests","","2026-08-25","passed","2026-08-25","","org.eclipse.tractusx.edc.tests.tck.dcp.DcpPresentationFlowTest","org.eclipse.tractusx.edc.tests.tck.dcp.DcpPresentationFlowTest","runPresentationFlowTests"
"","163","Expect the Catalog request to fail if a credential is revoked","","2026-08-25","passed","2026-08-25","","org.eclipse.tractusx.edc.tests.transfer.StsConsumerPullTest","org.eclipse.tractusx.edc.tests.transfer.StsConsumerPullTest","catalogRequest_whenCredentialRevoked"
"","74","triggerDataTransfer_shouldFail_whenDataFlowIsFinite()","","2026-08-25","passed","2026-08-25","","org.eclipse.tractusx.edc.tests.transfer.DataFlowApiEndToEndTest","org.eclipse.tractusx.edc.tests.transfer.DataFlowApiEndToEndTest","triggerDataTransfer_shouldFail_whenDataFlowIsFinite"
"","4","verifyAgentId_whenNoMembershipCredential_forDsp08(DataspaceProfileContextRegistry)","","2026-08-25","passed","2026-08-25","","org.eclipse.tractusx.edc.tests.transfer.IdentityExtractionTest","org.eclipse.tractusx.edc.tests.transfer.IdentityExtractionTest","verifyAgentId_whenNoMembershipCredential_forDsp08"
"","50","Policy is accepted ""Exclusive Usage""","","2026-08-25","passed","2026-08-25","","org.eclipse.tractusx.edc.tests.policy.PolicyDefinitionEndToEndTest","org.eclipse.tractusx.edc.tests.policy.PolicyDefinitionEndToEndTest","shouldAcceptValidPolicyDefinitions"
"","2055","transferFile_targetContainerNotExist_shouldFail(Vault)","","2026-08-25","passed","2026-08-25","","org.eclipse.tractusx.edc.dataplane.transfer.test.AzureToAzureTest","org.eclipse.tractusx.edc.dataplane.transfer.test.AzureToAzureTest","transferFile_targetContainerNotExist_shouldFail"
"","286","retireAgreement_shouldFail_whenAgreementDoesNotExist()","","2026-08-25","passed","2026-08-25","","org.eclipse.tractusx.edc.tests.transfer.RetireAgreementTest","org.eclipse.tractusx.edc.tests.transfer.RetireAgreementTest","retireAgreement_shouldFail_whenAgreementDoesNotExist"
"","68","Policy is not accepted because definition is not correct ""Policy with mutually exclusive constraints""","","2026-08-25","passed","2026-08-25","","org.eclipse.tractusx.edc.tests.policy.PolicyDefinitionEndToEndTest","org.eclipse.tractusx.edc.tests.policy.PolicyDefinitionEndToEndTest","shouldNotAcceptInvalidPolicyDefinitions"
"","80","Expect the Catalog request to fail if a credential has an invalid credential subject id","","2026-08-25","passed","2026-08-25","","org.eclipse.tractusx.edc.tests.transfer.StsConsumerPullTest","org.eclipse.tractusx.edc.tests.transfer.StsConsumerPullTest","catalogRequest_whenCredentialSubjectIdIsInvalid"
"","319","4.3.3 Verify invalid access token - jti","","2026-08-25","passed","2026-08-25","","org.eclipse.dataspacetck.dcp.verification.presentation.verifier.PresentationFlowSection4Test","org.eclipse.dataspacetck.dcp.verification.presentation.verifier.PresentationFlowSection4Test","verifier_04_03_03_idTokenJtiUsedTwice"
"","112","Policy is accepted ""Warranty""","","2026-08-25","passed","2026-08-25","","org.eclipse.tractusx.edc.tests.policy.PolicyDefinitionEndToEndTest","org.eclipse.tractusx.edc.tests.policy.PolicyDefinitionEndToEndTest","shouldAcceptValidPolicyDefinitions"
"","5388","When multiple requests to refresh, to different edrs, verify all return non expired token","","2026-08-25","passed","2026-08-25","","org.eclipse.tractusx.edc.tests.edrv2.EdrCacheApiEndToEndTest","org.eclipse.tractusx.edc.tests.edrv2.EdrCacheApiEndToEndTest","getEdrWithRefresh_subsequentRequestReturn"
"","280","Verify that the consumer receives only the offers he is permitted to (using the legacy BPN validation)","","2026-08-25","passed","2026-08-25","","org.eclipse.tractusx.edc.tests.catalog.CatalogTest","org.eclipse.tractusx.edc.tests.catalog.CatalogTest","requestCatalog_filteredByBpnLegacy_shouldReject"
"","104","discoveryShouldReturn08DspParams_whenDsp2025NotAvailable_BpnAsIdentifier()","","2026-08-25","passed","2026-08-25","","org.eclipse.tractusx.edc.discovery.e2e.ConnectorParameterDiscoveryTest","org.eclipse.tractusx.edc.discovery.e2e.ConnectorParameterDiscoveryTest","discoveryShouldReturn08DspParams_whenDsp2025NotAvailable_BpnAsIdentifier"
"","63","Verify HTTP 200 response and body when refreshing succeeds","","2026-08-25","passed","2026-08-25","","org.eclipse.tractusx.edc.tests.edrv2.EdrCacheApiEndToEndTest","org.eclipse.tractusx.edc.tests.edrv2.EdrCacheApiEndToEndTest","getEdrWithRefresh_success"
"","61","4.3.3 Verify invalid access token - sub does not match DID document id","","2026-08-25","passed","2026-08-25","","org.eclipse.dataspacetck.dcp.verification.presentation.verifier.PresentationFlowSection4Test","org.eclipse.dataspacetck.dcp.verification.presentation.verifier.PresentationFlowSection4Test","verifier_04_03_03_idTokenIncorrectSub"
"","64","Policy is accepted ""Enforce data usage end date 1 day in the future""","","2026-08-25","passed","2026-08-25","","org.eclipse.tractusx.edc.tests.policy.PolicyDefinitionEndToEndTest","org.eclipse.tractusx.edc.tests.policy.PolicyDefinitionEndToEndTest","shouldAcceptValidPolicyDefinitions"
"","6937","transferData_privateBackend()","","2026-08-25","passed","2026-08-25","","org.eclipse.tractusx.edc.tests.transfer.TransferPullEndToEndTest.Dsp08to08","org.eclipse.tractusx.edc.tests.transfer.TransferPullEndToEndTest$Dsp08to08","transferData_privateBackend"
"","405","Expect the Catalog request to fail if a credential is revoked","","2026-08-25","passed","2026-08-25","","org.eclipse.tractusx.edc.tests.transfer.DivConsumerPullTest","org.eclipse.tractusx.edc.tests.transfer.DivConsumerPullTest","catalogRequest_whenCredentialRevoked"
"","85","Policy is accepted ""Data Usage End Duration Days""","","2026-08-25","passed","2026-08-25","","org.eclipse.tractusx.edc.tests.policy.PolicyDefinitionEndToEndTest","org.eclipse.tractusx.edc.tests.policy.PolicyDefinitionEndToEndTest","shouldAcceptValidPolicyDefinitions"
"","227","Verify that the consumer receives only the offers he is permitted to (using BPN group validation)","","2026-08-25","passed","2026-08-25","","org.eclipse.tractusx.edc.tests.catalog.CatalogTest","org.eclipse.tractusx.edc.tests.catalog.CatalogTest","requestCatalog_filteredByBpnGroup_shouldReturnOffer"
"","47","Policy is not accepted because definition is not correct ""Access Policy with prohibition rule""","","2026-08-25","passed","2026-08-25","","org.eclipse.tractusx.edc.tests.policy.PolicyDefinitionEndToEndTest","org.eclipse.tractusx.edc.tests.policy.PolicyDefinitionEndToEndTest","shouldNotAcceptInvalidPolicyDefinitions"
"","50","Policy is not accepted because definition is not correct ""Policy with unknown actions types""","","2026-08-25","passed","2026-08-25","","org.eclipse.tractusx.edc.tests.policy.PolicyDefinitionEndToEndTest","org.eclipse.tractusx.edc.tests.policy.PolicyDefinitionEndToEndTest","shouldNotAcceptInvalidPolicyDefinitions"
"","27","Verifier should reject an auth token without the Bearer prefix","","2026-08-25","passed","2026-08-25","","org.eclipse.dataspacetck.dcp.verification.presentation.verifier.PresentationFlowSection4Test","org.eclipse.dataspacetck.dcp.verification.presentation.verifier.PresentationFlowSection4Test","presentationResponse_rejectMissingBearerPrefix"
"","2534","BusinessPartnerCreated event is published","","2026-08-25","passed","2026-08-25","","org.eclipse.tractusx.edc.tests.bpn.events.BusinessPartnerEventTest","org.eclipse.tractusx.edc.tests.bpn.events.BusinessPartnerEventTest","shouldPublishBusinessPartnerCreatedEvent"
"","1","verifyAgentId_whenNoMembershipCredential_forDsp2025(DataspaceProfileContextRegistry)","","2026-08-25","passed","2026-08-25","","org.eclipse.tractusx.edc.tests.transfer.IdentityExtractionTest","org.eclipse.tractusx.edc.tests.transfer.IdentityExtractionTest","verifyAgentId_whenNoMembershipCredential_forDsp2025"
"","120","Policy is accepted ""Warranty Definition""","","2026-08-25","passed","2026-08-25","","org.eclipse.tractusx.edc.tests.policy.PolicyDefinitionEndToEndTest","org.eclipse.tractusx.edc.tests.policy.PolicyDefinitionEndToEndTest","shouldAcceptValidPolicyDefinitions"
"","60","Policy is accepted ""ContractTermination""","","2026-08-25","passed","2026-08-25","","org.eclipse.tractusx.edc.tests.policy.PolicyDefinitionEndToEndTest","org.eclipse.tractusx.edc.tests.policy.PolicyDefinitionEndToEndTest","shouldAcceptValidPolicyDefinitions"
"","36","discoveryShouldReturn502_ifMetadaEndpointNotReachable()","","2026-08-25","passed","2026-08-25","","org.eclipse.tractusx.edc.discovery.e2e.ConnectorParameterDiscoveryTest","org.eclipse.tractusx.edc.discovery.e2e.ConnectorParameterDiscoveryTest","discoveryShouldReturn502_ifMetadaEndpointNotReachable"
"","78","Policy is accepted ""Jurisdiction Location Reference""","","2026-08-25","passed","2026-08-25","","org.eclipse.tractusx.edc.tests.policy.PolicyDefinitionEndToEndTest","org.eclipse.tractusx.edc.tests.policy.PolicyDefinitionEndToEndTest","shouldAcceptValidPolicyDefinitions"
"","17323","Malicious actor should not impersonate a consumer sending a valid consumer VP","","2026-08-25","passed","2026-08-25","","org.eclipse.tractusx.edc.tests.transfer.CredentialSpoofTest","org.eclipse.tractusx.edc.tests.transfer.CredentialSpoofTest","shouldNotImpersonateConsumer_withConsumerPresentation"
"","17391","transferData_withTerminate()","","2026-08-25","passed","2026-08-25","","org.eclipse.tractusx.edc.tests.transfer.TransferPullEndToEndTest.Dsp08to08","org.eclipse.tractusx.edc.tests.transfer.TransferPullEndToEndTest$Dsp08to08","transferData_withTerminate"
"","6055","transferData_failing_withProxyOriginalResponse()","","2026-08-25","passed","2026-08-25","","org.eclipse.tractusx.edc.tests.transfer.TransferPullEndToEndTest.Dsp08to08","org.eclipse.tractusx.edc.tests.transfer.TransferPullEndToEndTest$Dsp08to08","transferData_failing_withProxyOriginalResponse"
"","42","Policy is not accepted because definition is not correct ""Policy with unknown actions types""","","2026-08-25","passed","2026-08-25","","org.eclipse.tractusx.edc.tests.policy.PolicyDefinitionEndToEndTest","org.eclipse.tractusx.edc.tests.policy.PolicyDefinitionEndToEndTest","shouldNotAcceptInvalidPolicyDefinitions"
"","10252","azureBlobPush_withDestFolder()","","2026-08-25","passed","2026-08-25","","org.eclipse.tractusx.edc.tests.transfer.AzureToAzureEndToEndTest","org.eclipse.tractusx.edc.tests.transfer.AzureToAzureEndToEndTest","azureBlobPush_withDestFolder"
"","51","Policy is accepted ""Business Partner Group""","","2026-08-25","passed","2026-08-25","","org.eclipse.tractusx.edc.tests.policy.PolicyDefinitionEndToEndTest","org.eclipse.tractusx.edc.tests.policy.PolicyDefinitionEndToEndTest","shouldAcceptValidPolicyDefinitions"
"","10700","Contract policy is fulfilled ""MembershipCredential""","","2026-08-25","passed","2026-08-25","","org.eclipse.tractusx.edc.tests.transfer.DivConsumerPullTest","org.eclipse.tractusx.edc.tests.transfer.DivConsumerPullTest","transferData_whenContractPolicyFulfilled"
"","1314","The refresh token does not match the stored one","","2026-08-25","passed","2026-08-25","","org.eclipse.tractusx.edc.dataplane.tokenrefresh.e2e.DataPlaneTokenRefreshEndToEndTest","org.eclipse.tractusx.edc.dataplane.tokenrefresh.e2e.DataPlaneTokenRefreshEndToEndTest","refresh_withWrongRefreshToken"
"","380","Verify that the consumer receives only the offers he is permitted to (using the new BPN validation)","","2026-08-25","passed","2026-08-25","","org.eclipse.tractusx.edc.tests.catalog.CatalogTest","org.eclipse.tractusx.edc.tests.catalog.CatalogTest","requestCatalog_filteredByBpn_shouldReject"
"","97","Policy is not accepted because definition is not correct ""Policy with different actions types""","","2026-08-25","passed","2026-08-25","","org.eclipse.tractusx.edc.tests.policy.PolicyDefinitionEndToEndTest","org.eclipse.tractusx.edc.tests.policy.PolicyDefinitionEndToEndTest","shouldNotAcceptInvalidPolicyDefinitions"
"","17367","transferData_withTerminate()","","2026-08-25","passed","2026-08-25","","org.eclipse.tractusx.edc.tests.transfer.TransferPullEndToEndTest.Dsp2025to2025","org.eclipse.tractusx.edc.tests.transfer.TransferPullEndToEndTest$Dsp2025to2025","transferData_withTerminate"
"","1289","The authentication token misses required claims: audience","","2026-08-25","passed","2026-08-25","","org.eclipse.tractusx.edc.dataplane.tokenrefresh.e2e.DataPlaneTokenRefreshEndToEndTest","org.eclipse.tractusx.edc.dataplane.tokenrefresh.e2e.DataPlaneTokenRefreshEndToEndTest","refresh_invalidAuthenticationToken_missingAudience"
"","52","Policy is accepted ""Jurisdiction Location Reference""","","2026-08-25","passed","2026-08-25","","org.eclipse.tractusx.edc.tests.policy.PolicyDefinitionEndToEndTest","org.eclipse.tractusx.edc.tests.policy.PolicyDefinitionEndToEndTest","shouldAcceptValidPolicyDefinitions"
"","49","Policy is accepted ""Enforce data usage end date 1 second in the future""","","2026-08-25","passed","2026-08-25","","org.eclipse.tractusx.edc.tests.policy.PolicyDefinitionEndToEndTest","org.eclipse.tractusx.edc.tests.policy.PolicyDefinitionEndToEndTest","shouldAcceptValidPolicyDefinitions"
"","177","Expect the Catalog request to fail if a requested credential is missing","","2026-08-25","passed","2026-08-25","","org.eclipse.tractusx.edc.tests.transfer.DivConsumerPullTest","org.eclipse.tractusx.edc.tests.transfer.DivConsumerPullTest","catalogRequest_whenRequestedCredentialMissing"
"","6323","transferData_privateBackend()","","2026-08-25","passed","2026-08-25","","org.eclipse.tractusx.edc.tests.transfer.TransferPullEndToEndTest.Dsp2025to2025","org.eclipse.tractusx.edc.tests.transfer.TransferPullEndToEndTest$Dsp2025to2025","transferData_privateBackend"
"","54","Policy is accepted ""Liability""","","2026-08-25","passed","2026-08-25","","org.eclipse.tractusx.edc.tests.policy.PolicyDefinitionEndToEndTest","org.eclipse.tractusx.edc.tests.policy.PolicyDefinitionEndToEndTest","shouldAcceptValidPolicyDefinitions"
"","77","Policy is accepted ""Liability""","","2026-08-25","passed","2026-08-25","","org.eclipse.tractusx.edc.tests.policy.PolicyDefinitionEndToEndTest","org.eclipse.tractusx.edc.tests.policy.PolicyDefinitionEndToEndTest","shouldAcceptValidPolicyDefinitions"
"","1358","4.3.3 Verify invalid access token - nbf in future","","2026-08-25","passed","2026-08-25","","org.eclipse.dataspacetck.dcp.verification.presentation.verifier.PresentationFlowSection4Test","org.eclipse.dataspacetck.dcp.verification.presentation.verifier.PresentationFlowSection4Test","verifier_04_03_03_idTokenNbfInFuture"
"","69","refreshEdr_whenNotFound()","","2026-08-25","passed","2026-08-25","","org.eclipse.tractusx.edc.tests.edrv2.EdrCacheApiEndToEndTest","org.eclipse.tractusx.edc.tests.edrv2.EdrCacheApiEndToEndTest","refreshEdr_whenNotFound"
"","9604","transferData_withSuspendResume()","","2026-08-25","passed","2026-08-25","","org.eclipse.tractusx.edc.tests.transfer.TransferPullEndToEndTest.Dsp08to08","org.eclipse.tractusx.edc.tests.transfer.TransferPullEndToEndTest$Dsp08to08","transferData_withSuspendResume"
"","83","Policy is not accepted because definition is not correct ""Usage policy with empty permission""","","2026-08-25","passed","2026-08-25","","org.eclipse.tractusx.edc.tests.policy.PolicyDefinitionEndToEndTest","org.eclipse.tractusx.edc.tests.policy.PolicyDefinitionEndToEndTest","shouldNotAcceptInvalidPolicyDefinitions"
"","2054","transferFile_s3ToAzure(Vault)","","2026-08-25","passed","2026-08-25","","org.eclipse.tractusx.edc.dataplane.transfer.test.MultiCloudTest","org.eclipse.tractusx.edc.dataplane.transfer.test.MultiCloudTest","transferFile_s3ToAzure"
"","110","X.X Verifier should reject Presentations where at least 1 credential schema is violated","","2026-08-25","passed","2026-08-25","","org.eclipse.dataspacetck.dcp.verification.presentation.verifier.PresentationFlowSection5Test","org.eclipse.dataspacetck.dcp.verification.presentation.verifier.PresentationFlowSection5Test","verifier_x_x_presentationResponse_invalidCredentialSchema"
"","753","Policy is not accepted because definition is not correct ""Usage policy with empty permission""","","2026-08-25","passed","2026-08-25","","org.eclipse.tractusx.edc.tests.policy.PolicyDefinitionEndToEndTest","org.eclipse.tractusx.edc.tests.policy.PolicyDefinitionEndToEndTest","shouldNotAcceptInvalidPolicyDefinitions"
"","72","Policy is accepted ""Warranty Duration Months""","","2026-08-25","passed","2026-08-25","","org.eclipse.tractusx.edc.tests.policy.PolicyDefinitionEndToEndTest","org.eclipse.tractusx.edc.tests.policy.PolicyDefinitionEndToEndTest","shouldAcceptValidPolicyDefinitions"
"","9896","transferData_withExpiredEdr_shouldReturn4xx()","","2026-08-25","passed","2026-08-25","","org.eclipse.tractusx.edc.tests.transfer.TransferWithTokenRefreshTest","org.eclipse.tractusx.edc.tests.transfer.TransferWithTokenRefreshTest","transferData_withExpiredEdr_shouldReturn4xx"
"","9541","transferData_withSuspendResume()","","2026-08-25","passed","2026-08-25","","org.eclipse.tractusx.edc.tests.transfer.TransferPullEndToEndTest.Dsp2025to2025","org.eclipse.tractusx.edc.tests.transfer.TransferPullEndToEndTest$Dsp2025to2025","transferData_withSuspendResume"
"","324","Verify that the consumer receives only the offers he is permitted to (using the legacy BPN validation)","","2026-08-25","passed","2026-08-25","","org.eclipse.tractusx.edc.tests.catalog.CatalogTestDspV08","org.eclipse.tractusx.edc.tests.catalog.CatalogTestDspV08","requestCatalog_filteredByBpnLegacy_WithNamespace_shouldReject"
"","70","Policy is accepted ""DataExchangeGovernance use case""","","2026-08-25","passed","2026-08-25","","org.eclipse.tractusx.edc.tests.policy.PolicyDefinitionEndToEndTest","org.eclipse.tractusx.edc.tests.policy.PolicyDefinitionEndToEndTest","shouldAcceptValidPolicyDefinitions"
"","284","shouldFail_whenUpdatingPolicyThatIsReferencedByContractDefinition()","","2026-08-25","passed","2026-08-25","","org.eclipse.tractusx.edc.tests.validators.ContractDefinitionPoliciesValidatorsTest","org.eclipse.tractusx.edc.tests.validators.ContractDefinitionPoliciesValidatorsTest","shouldFail_whenUpdatingPolicyThatIsReferencedByContractDefinition"
"","2458","shouldDelegateAuth()","","2026-08-25","passed","2026-08-25","","org.eclipse.tractusx.edc.tests.auth.DelegatedAuthEndToEndTest","org.eclipse.tractusx.edc.tests.auth.DelegatedAuthEndToEndTest","shouldDelegateAuth"
"","15796","azureBlobPush_withoutDestFolder()","","2026-08-25","passed","2026-08-25","","org.eclipse.tractusx.edc.tests.transfer.AzureToAzureEndToEndTest","org.eclipse.tractusx.edc.tests.transfer.AzureToAzureEndToEndTest","azureBlobPush_withoutDestFolder"
